dgp,K_true,model,seed,T,T_train,max_rhat,min_ess_bulk,converged,elpd_loo,loo_se,p_loo,elpd_waic,waic_se,train_rmse,test_rmse,train_coverage_90,test_coverage_90,effective_k_mean,effective_k_std,alpha_in_ci,sigma_in_ci,alpha_true,alpha_est,delta_loo,delta_loo_significant
single,1,single_hill,0,200,150,1.01,200.0,True,-392.10056495666504,11.393178675414207,6.324349880218506,-392.04443876002915,11.380024441546015,3.180142641067505,5.29947566986084,0.92,0.66,1.0,0.0,True,True,0.5,0.5385639667510986,0.0,False
single,1,hierarchical_reparam_k3,0,200,150,1.03,100.0,True,-392.42810010910034,11.626459128172002,9.526397705078125,-392.36887192726135,11.621724375148185,3.1683218479156494,4.095449924468994,0.92,0.86,1.7275,0.7040907256881034,True,True,0.5,0.5455343127250671,-0.32753515243530273,False
