{
  "config": {
    "timestamp": "20260205_232823",
    "data_source": "synthetic_mixture_k3_T200",
    "T": 200,
    "K": 3,
    "warmup": 1000,
    "samples": 2000,
    "chains": 4,
    "seed": 42
  },
  "results": {
    "constrained": {
      "max_rhat": 1.82,
      "min_ess": 6.0,
      "converged": false,
      "rmse": 7.448171615600586,
      "coverage_90": 0.925,
      "time_sec": 108.40324306488037,
      "k_means": [
        7.792347431182861,
        11.755034446716309,
        18.996431350708008
      ],
      "k_std": [
        3.0090627670288086,
        5.8920817375183105,
        12.440963745117188
      ]
    },
    "unconstrained": {
      "max_rhat": 2.12,
      "min_ess": 5.0,
      "converged": false,
      "rmse": 7.4362640380859375,
      "coverage_90": 0.92,
      "time_sec": 94.4869019985199,
      "k_raw_means": [
        12.064929962158203,
        11.300297737121582,
        9.443855285644531
      ],
      "k_relabeled_means": [
        6.828291416168213,
        10.14835262298584,
        15.832426071166992
      ],
      "k_relabeled_std": [
        2.4686808586120605,
        3.692805290222168,
        6.802101135253906
      ]
    }
  }
}